{"mean_iou": 61.00711219848761, "_timestamp": 1692352118.1584837, "_runtime": 52563.93171167374, "_step": 239, "iou_0": 95.89166490026534, "iou_1": 83.53608547745175, "iou_2": 87.8599725290075, "iou_3": 56.489696013350866, "iou_4": 46.396685964312894, "iou_5": 55.719461137033896, "iou_6": 21.717975109946664, "iou_7": 52.07256231328338, "iou_8": 86.98824199531974, "iou_9": 72.52170875164114, "iou_10": 32.96439861202532, "iou_11": 95.17881217523215, "iou_12": 76.10610726097555, "iou_13": 48.27446532728451, "iou_14": 3.388845410183224, "_wandb": {"runtime": 52563}}