{"mean_iou": 54.74499329778308, "_timestamp": 1692441588.997968, "_runtime": 61182.44166493416, "_step": 159, "iou_0": 94.84949646650321, "iou_1": 80.96357811833575, "iou_2": 85.12862400936146, "iou_3": 47.30598668165366, "iou_4": 40.101814650743556, "iou_5": 53.36843861633683, "iou_6": 10.499617816690987, "iou_7": 42.31794513759542, "iou_8": 85.19625107991656, "iou_9": 70.35267311935469, "iou_10": 25.476864840194906, "iou_11": 94.08283133048465, "iou_12": 63.071060058189296, "iou_13": 25.888868038281714, "iou_14": 2.570849503103444}