{"mean_iou": 57.51421776436442, "_timestamp": 1692472266.5584157, "_runtime": 91860.00211262703, "_step": 239, "iou_0": 95.43267597536844, "iou_1": 82.15502282484796, "iou_2": 86.55836386780716, "iou_3": 51.7948141773226, "iou_4": 41.669681545480444, "iou_5": 51.40072005402945, "iou_6": 15.395728643216081, "iou_7": 43.712905951648395, "iou_8": 85.53450003184173, "iou_9": 70.60609251753944, "iou_10": 34.4925644867643, "iou_11": 94.76617634484727, "iou_12": 71.74425907730108, "iou_13": 35.38131312168545, "iou_14": 2.068447845766596, "_wandb": {"runtime": 91859}}