{"mean_iou": 57.185411823066914, "_timestamp": 1692428953.8510132, "_runtime": 66343.63976025581, "_step": 239, "iou_0": 95.32221274117143, "iou_1": 81.86549641750155, "iou_2": 86.4551655943418, "iou_3": 52.22542456130604, "iou_4": 42.296022353366666, "iou_5": 52.595195993736844, "iou_6": 8.684712161646969, "iou_7": 44.18533496347848, "iou_8": 85.52708368551735, "iou_9": 70.43085923972372, "iou_10": 39.16005310962914, "iou_11": 94.2055145727784, "iou_12": 65.67126116891619, "iou_13": 37.86538706666502, "iou_14": 1.291453716223959, "_wandb": {"runtime": 66343}}