{"mean_iou": 54.85208415955761, "_timestamp": 1692358889.161576, "_runtime": 39842.57214593887, "_step": 143, "iou_0": 95.26744389792385, "iou_1": 81.88533197488587, "iou_2": 85.29008078368217, "iou_3": 50.348409277687836, "iou_4": 41.13141028781127, "iou_5": 49.52193229481997, "iou_6": 3.4679422316254254, "iou_7": 41.81654193739604, "iou_8": 85.21373394234817, "iou_9": 68.38251489624314, "iou_10": 30.49624601117869, "iou_11": 93.98770888571963, "iou_12": 63.841649275819975, "iou_13": 29.48184370311923, "iou_14": 2.648472993103156}