{"mean_iou": 58.8142508119054, "_timestamp": 1692296702.0851738, "_runtime": 37256.05539393425, "_step": 159, "iou_0": 95.00556016716504, "iou_1": 81.24850604670739, "iou_2": 87.52619671837387, "iou_3": 54.309143050201726, "iou_4": 43.9615893248287, "iou_5": 57.83911368908474, "iou_6": 12.319724474420607, "iou_7": 46.718369538352015, "iou_8": 86.45124588555744, "iou_9": 71.49285810386317, "iou_10": 29.20401822266076, "iou_11": 94.4078847843481, "iou_12": 67.17236889401141, "iou_13": 45.75297756970107, "iou_14": 8.80420570930486}